{
    "RW": 0.20334928229665072,
    "RE": 0.20095693779904306,
    "M2": 0.21291866028708134,
    "M1": 0.21770334928229665,
    "Liv": 0.16507177033492823
}